"FullName","Name","Extension","Length","LastWriteTime"
"C:\Users\Junya\source\Cpp\C++20Features\C++20Features.sln","C++20Features.sln",".sln","18550","2025/11/17 20:23:03"
"C:\Users\Junya\source\Cpp\C++20Features\README.md","README.md",".md","4326","2026/07/29 15:03:05"
"C:\Users\Junya\source\Cpp\C++20Features\.github\copilot-instructions.md","copilot-instructions.md",".md","362","2026/07/29 8:18:45"
"C:\Users\Junya\source\Cpp\C++20Features\00_Concepts\00_Concepts.vcxproj","00_Concepts.vcxproj",".vcxproj","9118","2025/11/18 8:34:41"
"C:\Users\Junya\source\Cpp\C++20Features\00_Concepts\Concepts_Advanced.h","Concepts_Advanced.h",".h","2074","2025/11/18 13:44:43"
"C:\Users\Junya\source\Cpp\C++20Features\00_Concepts\Concepts_Basic.h","Concepts_Basic.h",".h","3853","2025/11/13 20:06:09"
"C:\Users\Junya\source\Cpp\C++20Features\00_Concepts\framework.h","framework.h",".h","147","2025/11/13 19:22:53"
"C:\Users\Junya\source\Cpp\C++20Features\00_Concepts\pch.cpp","pch.cpp",".cpp","274","2025/11/13 19:22:54"
"C:\Users\Junya\source\Cpp\C++20Features\00_Concepts\pch.h","pch.h",".h","819","2025/11/13 19:22:54"
"C:\Users\Junya\source\Cpp\C++20Features\00_Concepts\Debug\00_Concepts.vcxproj.FileListAbsolute.txt","00_Concepts.vcxproj.FileListAbsolute.txt",".txt","0","2026/07/29 9:33:39"
"C:\Users\Junya\source\Cpp\C++20Features\00_Concepts\Release\00_Concepts.vcxproj.FileListAbsolute.txt","00_Concepts.vcxproj.FileListAbsolute.txt",".txt","0","2026/07/29 9:33:39"
"C:\Users\Junya\source\Cpp\C++20Features\00_Concepts\x64\Debug\00_Concepts.vcxproj.FileListAbsolute.txt","00_Concepts.vcxproj.FileListAbsolute.txt",".txt","0","2026/07/29 9:33:39"
"C:\Users\Junya\source\Cpp\C++20Features\00_Concepts\x64\Release\00_Concepts.vcxproj.FileListAbsolute.txt","00_Concepts.vcxproj.FileListAbsolute.txt",".txt","0","2026/07/29 9:33:39"
"C:\Users\Junya\source\Cpp\C++20Features\00_ConceptsTest\00_ConceptsTest.vcxproj","00_ConceptsTest.vcxproj",".vcxproj","7337","2025/11/18 8:34:41"
"C:\Users\Junya\source\Cpp\C++20Features\00_ConceptsTest\00_ConceptsTest_Advance.cpp","00_ConceptsTest_Advance.cpp",".cpp","1379","2025/11/18 8:55:09"
"C:\Users\Junya\source\Cpp\C++20Features\00_ConceptsTest\00_ConceptsTest_Basic.cpp","00_ConceptsTest_Basic.cpp",".cpp","3463","2025/11/13 20:07:25"
"C:\Users\Junya\source\Cpp\C++20Features\00_ConceptsTest\pch.cpp","pch.cpp",".cpp","40","2025/07/18 17:23:26"
"C:\Users\Junya\source\Cpp\C++20Features\00_ConceptsTest\pch.h","pch.h",".h","62","2025/07/18 17:23:26"
"C:\Users\Junya\source\Cpp\C++20Features\00_ConceptsTest\Debug\00_ConceptsTest.vcxproj.FileListAbsolute.txt","00_ConceptsTest.vcxproj.FileListAbsolute.txt",".txt","0","2026/07/29 9:33:39"
"C:\Users\Junya\source\Cpp\C++20Features\00_ConceptsTest\Release\00_ConceptsTest.vcxproj.FileListAbsolute.txt","00_ConceptsTest.vcxproj.FileListAbsolute.txt",".txt","0","2026/07/29 9:33:39"
"C:\Users\Junya\source\Cpp\C++20Features\00_ConceptsTest\x64\Debug\00_ConceptsTest.vcxproj.FileListAbsolute.txt","00_ConceptsTest.vcxproj.FileListAbsolute.txt",".txt","131","2026/07/29 9:33:39"
"C:\Users\Junya\source\Cpp\C++20Features\00_ConceptsTest\x64\Release\00_ConceptsTest.vcxproj.FileListAbsolute.txt","00_ConceptsTest.vcxproj.FileListAbsolute.txt",".txt","0","2026/07/29 9:33:39"
"C:\Users\Junya\source\Cpp\C++20Features\01_FinancialModule\01_FinancialModule.vcxproj","01_FinancialModule.vcxproj",".vcxproj","10659","2025/11/17 14:17:47"
"C:\Users\Junya\source\Cpp\C++20Features\01_FinancialModule\FinancialUtils.cpp","FinancialUtils.cpp",".cpp","986","2025/11/13 22:31:22"
"C:\Users\Junya\source\Cpp\C++20Features\01_FinancialModule\framework.h","framework.h",".h","147","2025/11/13 21:21:16"
"C:\Users\Junya\source\Cpp\C++20Features\01_FinancialModule\pch.cpp","pch.cpp",".cpp","274","2025/11/13 21:21:17"
"C:\Users\Junya\source\Cpp\C++20Features\01_FinancialModule\pch.h","pch.h",".h","819","2025/11/13 21:21:17"
"C:\Users\Junya\source\Cpp\C++20Features\01_FinancialModule\Debug\01_FinancialModule.vcxproj.FileListAbsolute.txt","01_FinancialModule.vcxproj.FileListAbsolute.txt",".txt","0","2026/07/29 9:33:39"
"C:\Users\Junya\source\Cpp\C++20Features\01_FinancialModule\Release\01_FinancialModule.vcxproj.FileListAbsolute.txt","01_FinancialModule.vcxproj.FileListAbsolute.txt",".txt","0","2026/07/29 9:33:39"
"C:\Users\Junya\source\Cpp\C++20Features\01_FinancialModule\x64\Debug\01_FinancialModule.vcxproj.FileListAbsolute.txt","01_FinancialModule.vcxproj.FileListAbsolute.txt",".txt","0","2026/07/29 9:33:39"
"C:\Users\Junya\source\Cpp\C++20Features\01_FinancialModule\x64\Release\01_FinancialModule.vcxproj.FileListAbsolute.txt","01_FinancialModule.vcxproj.FileListAbsolute.txt",".txt","0","2026/07/29 9:33:39"
"C:\Users\Junya\source\Cpp\C++20Features\01_ModulesApp\01_ModulesApp.vcxproj","01_ModulesApp.vcxproj",".vcxproj","10478","2025/11/17 14:17:47"
"C:\Users\Junya\source\Cpp\C++20Features\01_ModulesApp\framework.h","framework.h",".h","147","2025/11/13 22:37:18"
"C:\Users\Junya\source\Cpp\C++20Features\01_ModulesApp\Modules_Basic.cpp","Modules_Basic.cpp",".cpp","985","2025/11/14 0:22:43"
"C:\Users\Junya\source\Cpp\C++20Features\01_ModulesApp\Modules_Basic.h","Modules_Basic.h",".h","1265","2025/11/13 22:41:31"
"C:\Users\Junya\source\Cpp\C++20Features\01_ModulesApp\pch.cpp","pch.cpp",".cpp","274","2025/11/13 22:37:18"
"C:\Users\Junya\source\Cpp\C++20Features\01_ModulesApp\pch.h","pch.h",".h","819","2025/11/13 22:37:18"
"C:\Users\Junya\source\Cpp\C++20Features\01_ModulesApp\Debug\01_ModulesApp.vcxproj.FileListAbsolute.txt","01_ModulesApp.vcxproj.FileListAbsolute.txt",".txt","0","2026/07/29 9:33:39"
"C:\Users\Junya\source\Cpp\C++20Features\01_ModulesApp\Release\01_ModulesApp.vcxproj.FileListAbsolute.txt","01_ModulesApp.vcxproj.FileListAbsolute.txt",".txt","0","2026/07/29 9:33:39"
"C:\Users\Junya\source\Cpp\C++20Features\01_ModulesApp\x64\Debug\01_ModulesApp.vcxproj.FileListAbsolute.txt","01_ModulesApp.vcxproj.FileListAbsolute.txt",".txt","0","2026/07/29 9:33:39"
"C:\Users\Junya\source\Cpp\C++20Features\01_ModulesApp\x64\Release\01_ModulesApp.vcxproj.FileListAbsolute.txt","01_ModulesApp.vcxproj.FileListAbsolute.txt",".txt","0","2026/07/29 9:33:39"
"C:\Users\Junya\source\Cpp\C++20Features\01_ModulesTest\01_ModulesTest.cpp","01_ModulesTest.cpp",".cpp","1199","2025/11/14 0:22:41"
"C:\Users\Junya\source\Cpp\C++20Features\01_ModulesTest\01_ModulesTest.vcxproj","01_ModulesTest.vcxproj",".vcxproj","7033","2025/11/17 14:17:46"
"C:\Users\Junya\source\Cpp\C++20Features\01_ModulesTest\pch.cpp","pch.cpp",".cpp","40","2025/07/18 17:23:26"
"C:\Users\Junya\source\Cpp\C++20Features\01_ModulesTest\pch.h","pch.h",".h","62","2025/07/18 17:23:26"
"C:\Users\Junya\source\Cpp\C++20Features\01_ModulesTest\Debug\01_ModulesTest.vcxproj.FileListAbsolute.txt","01_ModulesTest.vcxproj.FileListAbsolute.txt",".txt","0","2026/07/29 9:33:39"
"C:\Users\Junya\source\Cpp\C++20Features\01_ModulesTest\Release\01_ModulesTest.vcxproj.FileListAbsolute.txt","01_ModulesTest.vcxproj.FileListAbsolute.txt",".txt","0","2026/07/29 9:33:39"
"C:\Users\Junya\source\Cpp\C++20Features\01_ModulesTest\x64\Debug\01_ModulesTest.vcxproj.FileListAbsolute.txt","01_ModulesTest.vcxproj.FileListAbsolute.txt",".txt","0","2026/07/29 9:33:39"
"C:\Users\Junya\source\Cpp\C++20Features\01_ModulesTest\x64\Release\01_ModulesTest.vcxproj.FileListAbsolute.txt","01_ModulesTest.vcxproj.FileListAbsolute.txt",".txt","0","2026/07/29 9:33:39"
"C:\Users\Junya\source\Cpp\C++20Features\02_Ranges\02_Ranges.vcxproj","02_Ranges.vcxproj",".vcxproj","9062","2025/11/17 14:17:47"
"C:\Users\Junya\source\Cpp\C++20Features\02_Ranges\framework.h","framework.h",".h","147","2025/11/14 0:24:55"
"C:\Users\Junya\source\Cpp\C++20Features\02_Ranges\pch.cpp","pch.cpp",".cpp","274","2025/11/14 0:24:55"
"C:\Users\Junya\source\Cpp\C++20Features\02_Ranges\pch.h","pch.h",".h","819","2025/11/14 0:24:55"
"C:\Users\Junya\source\Cpp\C++20Features\02_Ranges\Ranges_Basic.h","Ranges_Basic.h",".h","2787","2025/11/14 12:18:27"
"C:\Users\Junya\source\Cpp\C++20Features\02_Ranges\Debug\02_Ranges.vcxproj.FileListAbsolute.txt","02_Ranges.vcxproj.FileListAbsolute.txt",".txt","0","2026/07/29 9:33:39"
"C:\Users\Junya\source\Cpp\C++20Features\02_Ranges\Release\02_Ranges.vcxproj.FileListAbsolute.txt","02_Ranges.vcxproj.FileListAbsolute.txt",".txt","0","2026/07/29 9:33:39"
"C:\Users\Junya\source\Cpp\C++20Features\02_Ranges\x64\Debug\02_Ranges.vcxproj.FileListAbsolute.txt","02_Ranges.vcxproj.FileListAbsolute.txt",".txt","0","2026/07/29 9:33:39"
"C:\Users\Junya\source\Cpp\C++20Features\02_Ranges\x64\Release\02_Ranges.vcxproj.FileListAbsolute.txt","02_Ranges.vcxproj.FileListAbsolute.txt",".txt","0","2026/07/29 9:33:39"
"C:\Users\Junya\source\Cpp\C++20Features\02_RangesTest\02_RangesTest.cpp","02_RangesTest.cpp",".cpp","1551","2025/11/14 12:12:02"
"C:\Users\Junya\source\Cpp\C++20Features\02_RangesTest\02_RangesTest.vcxproj","02_RangesTest.vcxproj",".vcxproj","7236","2025/11/17 14:17:46"
"C:\Users\Junya\source\Cpp\C++20Features\02_RangesTest\pch.cpp","pch.cpp",".cpp","40","2025/07/18 17:23:26"
"C:\Users\Junya\source\Cpp\C++20Features\02_RangesTest\pch.h","pch.h",".h","62","2025/07/18 17:23:26"
"C:\Users\Junya\source\Cpp\C++20Features\02_RangesTest\Debug\02_RangesTest.vcxproj.FileListAbsolute.txt","02_RangesTest.vcxproj.FileListAbsolute.txt",".txt","0","2026/07/29 9:33:39"
"C:\Users\Junya\source\Cpp\C++20Features\02_RangesTest\Release\02_RangesTest.vcxproj.FileListAbsolute.txt","02_RangesTest.vcxproj.FileListAbsolute.txt",".txt","0","2026/07/29 9:33:39"
"C:\Users\Junya\source\Cpp\C++20Features\02_RangesTest\x64\Debug\02_RangesTest.vcxproj.FileListAbsolute.txt","02_RangesTest.vcxproj.FileListAbsolute.txt",".txt","0","2026/07/29 9:33:39"
"C:\Users\Junya\source\Cpp\C++20Features\02_RangesTest\x64\Release\02_RangesTest.vcxproj.FileListAbsolute.txt","02_RangesTest.vcxproj.FileListAbsolute.txt",".txt","0","2026/07/29 9:33:39"
"C:\Users\Junya\source\Cpp\C++20Features\03_Coroutines\03_Coroutines.vcxproj","03_Coroutines.vcxproj",".vcxproj","9073","2025/11/17 14:17:46"
"C:\Users\Junya\source\Cpp\C++20Features\03_Coroutines\Coroutines_Basic.h","Coroutines_Basic.h",".h","6045","2025/11/14 15:24:00"
"C:\Users\Junya\source\Cpp\C++20Features\03_Coroutines\framework.h","framework.h",".h","147","2025/11/14 12:29:34"
"C:\Users\Junya\source\Cpp\C++20Features\03_Coroutines\pch.cpp","pch.cpp",".cpp","274","2025/11/14 12:29:34"
"C:\Users\Junya\source\Cpp\C++20Features\03_Coroutines\pch.h","pch.h",".h","819","2025/11/14 12:29:34"
"C:\Users\Junya\source\Cpp\C++20Features\03_Coroutines\Debug\03_Coroutines.vcxproj.FileListAbsolute.txt","03_Coroutines.vcxproj.FileListAbsolute.txt",".txt","0","2026/07/29 9:33:39"
"C:\Users\Junya\source\Cpp\C++20Features\03_Coroutines\Release\03_Coroutines.vcxproj.FileListAbsolute.txt","03_Coroutines.vcxproj.FileListAbsolute.txt",".txt","0","2026/07/29 9:33:39"
"C:\Users\Junya\source\Cpp\C++20Features\03_Coroutines\x64\Debug\03_Coroutines.vcxproj.FileListAbsolute.txt","03_Coroutines.vcxproj.FileListAbsolute.txt",".txt","0","2026/07/29 9:33:39"
"C:\Users\Junya\source\Cpp\C++20Features\03_Coroutines\x64\Release\03_Coroutines.vcxproj.FileListAbsolute.txt","03_Coroutines.vcxproj.FileListAbsolute.txt",".txt","0","2026/07/29 9:33:39"
"C:\Users\Junya\source\Cpp\C++20Features\03_CoroutinesTest\03_CoroutinesTest.cpp","03_CoroutinesTest.cpp",".cpp","4188","2025/11/14 15:30:24"
"C:\Users\Junya\source\Cpp\C++20Features\03_CoroutinesTest\03_CoroutinesTest.vcxproj","03_CoroutinesTest.vcxproj",".vcxproj","7248","2025/11/17 14:17:45"
"C:\Users\Junya\source\Cpp\C++20Features\03_CoroutinesTest\pch.cpp","pch.cpp",".cpp","40","2025/07/18 17:23:26"
"C:\Users\Junya\source\Cpp\C++20Features\03_CoroutinesTest\pch.h","pch.h",".h","62","2025/07/18 17:23:26"
"C:\Users\Junya\source\Cpp\C++20Features\03_CoroutinesTest\Debug\03_CoroutinesTest.vcxproj.FileListAbsolute.txt","03_CoroutinesTest.vcxproj.FileListAbsolute.txt",".txt","0","2026/07/29 9:33:39"
"C:\Users\Junya\source\Cpp\C++20Features\03_CoroutinesTest\Release\03_CoroutinesTest.vcxproj.FileListAbsolute.txt","03_CoroutinesTest.vcxproj.FileListAbsolute.txt",".txt","0","2026/07/29 9:33:39"
"C:\Users\Junya\source\Cpp\C++20Features\03_CoroutinesTest\x64\Debug\03_CoroutinesTest.vcxproj.FileListAbsolute.txt","03_CoroutinesTest.vcxproj.FileListAbsolute.txt",".txt","0","2026/07/29 9:33:39"
"C:\Users\Junya\source\Cpp\C++20Features\03_CoroutinesTest\x64\Release\03_CoroutinesTest.vcxproj.FileListAbsolute.txt","03_CoroutinesTest.vcxproj.FileListAbsolute.txt",".txt","0","2026/07/29 9:33:39"
"C:\Users\Junya\source\Cpp\C++20Features\04_Concurrency\04_Concurrency.vcxproj","04_Concurrency.vcxproj",".vcxproj","9072","2025/11/17 14:17:46"
"C:\Users\Junya\source\Cpp\C++20Features\04_Concurrency\Concurrency_Basic.h","Concurrency_Basic.h",".h","8887","2025/11/14 17:08:57"
"C:\Users\Junya\source\Cpp\C++20Features\04_Concurrency\framework.h","framework.h",".h","147","2025/11/14 15:31:52"
"C:\Users\Junya\source\Cpp\C++20Features\04_Concurrency\pch.cpp","pch.cpp",".cpp","274","2025/11/14 15:31:53"
"C:\Users\Junya\source\Cpp\C++20Features\04_Concurrency\pch.h","pch.h",".h","819","2025/11/14 15:31:53"
"C:\Users\Junya\source\Cpp\C++20Features\04_Concurrency\Debug\04_Concurrency.vcxproj.FileListAbsolute.txt","04_Concurrency.vcxproj.FileListAbsolute.txt",".txt","0","2026/07/29 9:33:39"
"C:\Users\Junya\source\Cpp\C++20Features\04_Concurrency\Release\04_Concurrency.vcxproj.FileListAbsolute.txt","04_Concurrency.vcxproj.FileListAbsolute.txt",".txt","0","2026/07/29 9:33:39"
"C:\Users\Junya\source\Cpp\C++20Features\04_Concurrency\x64\Debug\04_Concurrency.vcxproj.FileListAbsolute.txt","04_Concurrency.vcxproj.FileListAbsolute.txt",".txt","0","2026/07/29 9:33:39"
"C:\Users\Junya\source\Cpp\C++20Features\04_Concurrency\x64\Release\04_Concurrency.vcxproj.FileListAbsolute.txt","04_Concurrency.vcxproj.FileListAbsolute.txt",".txt","0","2026/07/29 9:33:39"
"C:\Users\Junya\source\Cpp\C++20Features\04_ConcurrencyTest\04_ConcurrencyTest.cpp","04_ConcurrencyTest.cpp",".cpp","3376","2025/11/14 17:08:03"
"C:\Users\Junya\source\Cpp\C++20Features\04_ConcurrencyTest\04_ConcurrencyTest.vcxproj","04_ConcurrencyTest.vcxproj",".vcxproj","7251","2025/11/17 14:17:45"
"C:\Users\Junya\source\Cpp\C++20Features\04_ConcurrencyTest\pch.cpp","pch.cpp",".cpp","40","2025/07/18 17:23:26"
"C:\Users\Junya\source\Cpp\C++20Features\04_ConcurrencyTest\pch.h","pch.h",".h","62","2025/07/18 17:23:26"
"C:\Users\Junya\source\Cpp\C++20Features\04_ConcurrencyTest\Debug\04_ConcurrencyTest.vcxproj.FileListAbsolute.txt","04_ConcurrencyTest.vcxproj.FileListAbsolute.txt",".txt","0","2026/07/29 9:33:39"
"C:\Users\Junya\source\Cpp\C++20Features\04_ConcurrencyTest\Release\04_ConcurrencyTest.vcxproj.FileListAbsolute.txt","04_ConcurrencyTest.vcxproj.FileListAbsolute.txt",".txt","0","2026/07/29 9:33:39"
"C:\Users\Junya\source\Cpp\C++20Features\04_ConcurrencyTest\x64\Debug\04_ConcurrencyTest.vcxproj.FileListAbsolute.txt","04_ConcurrencyTest.vcxproj.FileListAbsolute.txt",".txt","0","2026/07/29 9:33:39"
"C:\Users\Junya\source\Cpp\C++20Features\04_ConcurrencyTest\x64\Release\04_ConcurrencyTest.vcxproj.FileListAbsolute.txt","04_ConcurrencyTest.vcxproj.FileListAbsolute.txt",".txt","0","2026/07/29 9:33:39"
"C:\Users\Junya\source\Cpp\C++20Features\05_Formatting\05_Formatting.cpp","05_Formatting.cpp",".cpp","232","2025/11/14 17:10:56"
"C:\Users\Junya\source\Cpp\C++20Features\05_Formatting\05_Formatting.vcxproj","05_Formatting.vcxproj",".vcxproj","9117","2025/11/17 14:17:46"
"C:\Users\Junya\source\Cpp\C++20Features\05_Formatting\Formatting_Basic.h","Formatting_Basic.h",".h","5128","2025/11/17 15:37:44"
"C:\Users\Junya\source\Cpp\C++20Features\05_Formatting\framework.h","framework.h",".h","147","2025/11/14 17:10:55"
"C:\Users\Junya\source\Cpp\C++20Features\05_Formatting\pch.cpp","pch.cpp",".cpp","274","2025/11/14 17:10:56"
"C:\Users\Junya\source\Cpp\C++20Features\05_Formatting\pch.h","pch.h",".h","819","2025/11/14 17:10:56"
"C:\Users\Junya\source\Cpp\C++20Features\05_Formatting\Debug\05_Formatting.vcxproj.FileListAbsolute.txt","05_Formatting.vcxproj.FileListAbsolute.txt",".txt","0","2026/07/29 9:33:39"
"C:\Users\Junya\source\Cpp\C++20Features\05_Formatting\Release\05_Formatting.vcxproj.FileListAbsolute.txt","05_Formatting.vcxproj.FileListAbsolute.txt",".txt","0","2026/07/29 9:33:39"
"C:\Users\Junya\source\Cpp\C++20Features\05_Formatting\x64\Debug\05_Formatting.vcxproj.FileListAbsolute.txt","05_Formatting.vcxproj.FileListAbsolute.txt",".txt","0","2026/07/29 9:33:39"
"C:\Users\Junya\source\Cpp\C++20Features\05_Formatting\x64\Release\05_Formatting.vcxproj.FileListAbsolute.txt","05_Formatting.vcxproj.FileListAbsolute.txt",".txt","0","2026/07/29 9:33:39"
"C:\Users\Junya\source\Cpp\C++20Features\05_FormattingTest\05_FormattingTest.cpp","05_FormattingTest.cpp",".cpp","3230","2025/11/17 15:35:30"
"C:\Users\Junya\source\Cpp\C++20Features\05_FormattingTest\05_FormattingTest.vcxproj","05_FormattingTest.vcxproj",".vcxproj","7248","2025/11/17 14:17:45"
"C:\Users\Junya\source\Cpp\C++20Features\05_FormattingTest\pch.cpp","pch.cpp",".cpp","40","2025/07/18 17:23:26"
"C:\Users\Junya\source\Cpp\C++20Features\05_FormattingTest\pch.h","pch.h",".h","62","2025/07/18 17:23:26"
"C:\Users\Junya\source\Cpp\C++20Features\05_FormattingTest\Debug\05_FormattingTest.vcxproj.FileListAbsolute.txt","05_FormattingTest.vcxproj.FileListAbsolute.txt",".txt","0","2026/07/29 9:33:39"
"C:\Users\Junya\source\Cpp\C++20Features\05_FormattingTest\Release\05_FormattingTest.vcxproj.FileListAbsolute.txt","05_FormattingTest.vcxproj.FileListAbsolute.txt",".txt","0","2026/07/29 9:33:39"
"C:\Users\Junya\source\Cpp\C++20Features\05_FormattingTest\x64\Debug\05_FormattingTest.vcxproj.FileListAbsolute.txt","05_FormattingTest.vcxproj.FileListAbsolute.txt",".txt","0","2026/07/29 9:33:39"
"C:\Users\Junya\source\Cpp\C++20Features\05_FormattingTest\x64\Release\05_FormattingTest.vcxproj.FileListAbsolute.txt","05_FormattingTest.vcxproj.FileListAbsolute.txt",".txt","0","2026/07/29 9:33:39"
"C:\Users\Junya\source\Cpp\C++20Features\06_ThreeWayComp\06_ThreeWayComp.cpp","06_ThreeWayComp.cpp",".cpp","236","2025/11/17 15:43:35"
"C:\Users\Junya\source\Cpp\C++20Features\06_ThreeWayComp\06_ThreeWayComp.vcxproj","06_ThreeWayComp.vcxproj",".vcxproj","7726","2025/11/17 17:46:58"
"C:\Users\Junya\source\Cpp\C++20Features\06_ThreeWayComp\framework.h","framework.h",".h","147","2025/11/17 15:43:35"
"C:\Users\Junya\source\Cpp\C++20Features\06_ThreeWayComp\pch.cpp","pch.cpp",".cpp","274","2025/11/17 15:43:35"
"C:\Users\Junya\source\Cpp\C++20Features\06_ThreeWayComp\pch.h","pch.h",".h","819","2025/11/17 15:43:35"
"C:\Users\Junya\source\Cpp\C++20Features\06_ThreeWayComp\ThreeWayComp_Basic.h","ThreeWayComp_Basic.h",".h","1824","2025/11/17 18:03:56"
"C:\Users\Junya\source\Cpp\C++20Features\06_ThreeWayComp\Debug\06_ThreeWayComp.vcxproj.FileListAbsolute.txt","06_ThreeWayComp.vcxproj.FileListAbsolute.txt",".txt","0","2026/07/29 9:33:39"
"C:\Users\Junya\source\Cpp\C++20Features\06_ThreeWayComp\Release\06_ThreeWayComp.vcxproj.FileListAbsolute.txt","06_ThreeWayComp.vcxproj.FileListAbsolute.txt",".txt","0","2026/07/29 9:33:39"
"C:\Users\Junya\source\Cpp\C++20Features\06_ThreeWayComp\x64\Debug\06_ThreeWayComp.vcxproj.FileListAbsolute.txt","06_ThreeWayComp.vcxproj.FileListAbsolute.txt",".txt","0","2026/07/29 9:33:39"
"C:\Users\Junya\source\Cpp\C++20Features\06_ThreeWayComp\x64\Release\06_ThreeWayComp.vcxproj.FileListAbsolute.txt","06_ThreeWayComp.vcxproj.FileListAbsolute.txt",".txt","0","2026/07/29 9:33:39"
"C:\Users\Junya\source\Cpp\C++20Features\06_ThreeWayCompTest\06_ThreeWayCompTest.cpp","06_ThreeWayCompTest.cpp",".cpp","1776","2025/11/17 17:59:19"
"C:\Users\Junya\source\Cpp\C++20Features\06_ThreeWayCompTest\06_ThreeWayCompTest.vcxproj","06_ThreeWayCompTest.vcxproj",".vcxproj","6916","2025/11/17 17:59:21"
"C:\Users\Junya\source\Cpp\C++20Features\06_ThreeWayCompTest\pch.cpp","pch.cpp",".cpp","40","2025/11/14 18:24:57"
"C:\Users\Junya\source\Cpp\C++20Features\06_ThreeWayCompTest\pch.h","pch.h",".h","62","2025/11/14 18:24:57"
"C:\Users\Junya\source\Cpp\C++20Features\06_ThreeWayCompTest\Debug\06_ThreeWayCompTest.vcxproj.FileListAbsolute.txt","06_ThreeWayCompTest.vcxproj.FileListAbsolute.txt",".txt","0","2026/07/29 9:33:39"
"C:\Users\Junya\source\Cpp\C++20Features\06_ThreeWayCompTest\Release\06_ThreeWayCompTest.vcxproj.FileListAbsolute.txt","06_ThreeWayCompTest.vcxproj.FileListAbsolute.txt",".txt","0","2026/07/29 9:33:39"
"C:\Users\Junya\source\Cpp\C++20Features\06_ThreeWayCompTest\x64\Debug\06_ThreeWayCompTest.vcxproj.FileListAbsolute.txt","06_ThreeWayCompTest.vcxproj.FileListAbsolute.txt",".txt","0","2026/07/29 9:33:39"
"C:\Users\Junya\source\Cpp\C++20Features\06_ThreeWayCompTest\x64\Release\06_ThreeWayCompTest.vcxproj.FileListAbsolute.txt","06_ThreeWayCompTest.vcxproj.FileListAbsolute.txt",".txt","0","2026/07/29 9:33:39"
"C:\Users\Junya\source\Cpp\C++20Features\07_DesignatedInit\07_DesignatedInit.vcxproj","07_DesignatedInit.vcxproj",".vcxproj","7681","2025/11/17 18:16:58"
"C:\Users\Junya\source\Cpp\C++20Features\07_DesignatedInit\DesignatedInit_Basic.h","DesignatedInit_Basic.h",".h","3452","2025/11/17 18:27:12"
"C:\Users\Junya\source\Cpp\C++20Features\07_DesignatedInit\framework.h","framework.h",".h","147","2025/11/17 18:06:52"
"C:\Users\Junya\source\Cpp\C++20Features\07_DesignatedInit\pch.cpp","pch.cpp",".cpp","274","2025/11/17 18:06:53"
"C:\Users\Junya\source\Cpp\C++20Features\07_DesignatedInit\pch.h","pch.h",".h","819","2025/11/17 18:06:53"
"C:\Users\Junya\source\Cpp\C++20Features\07_DesignatedInit\Debug\07_DesignatedInit.vcxproj.FileListAbsolute.txt","07_DesignatedInit.vcxproj.FileListAbsolute.txt",".txt","0","2026/07/29 9:33:39"
"C:\Users\Junya\source\Cpp\C++20Features\07_DesignatedInit\Release\07_DesignatedInit.vcxproj.FileListAbsolute.txt","07_DesignatedInit.vcxproj.FileListAbsolute.txt",".txt","0","2026/07/29 9:33:39"
"C:\Users\Junya\source\Cpp\C++20Features\07_DesignatedInit\x64\Debug\07_DesignatedInit.vcxproj.FileListAbsolute.txt","07_DesignatedInit.vcxproj.FileListAbsolute.txt",".txt","0","2026/07/29 9:33:39"
"C:\Users\Junya\source\Cpp\C++20Features\07_DesignatedInit\x64\Release\07_DesignatedInit.vcxproj.FileListAbsolute.txt","07_DesignatedInit.vcxproj.FileListAbsolute.txt",".txt","0","2026/07/29 9:33:39"
"C:\Users\Junya\source\Cpp\C++20Features\07_DesignatedInitTest\07_DesignatedInitTest.cpp","07_DesignatedInitTest.cpp",".cpp","2036","2025/11/17 18:27:56"
"C:\Users\Junya\source\Cpp\C++20Features\07_DesignatedInitTest\07_DesignatedInitTest.vcxproj","07_DesignatedInitTest.vcxproj",".vcxproj","6922","2025/11/17 18:23:00"
"C:\Users\Junya\source\Cpp\C++20Features\07_DesignatedInitTest\pch.cpp","pch.cpp",".cpp","40","2025/11/14 18:24:57"
"C:\Users\Junya\source\Cpp\C++20Features\07_DesignatedInitTest\pch.h","pch.h",".h","62","2025/11/14 18:24:57"
"C:\Users\Junya\source\Cpp\C++20Features\07_DesignatedInitTest\Debug\07_DesignatedInitTest.vcxproj.FileListAbsolute.txt","07_DesignatedInitTest.vcxproj.FileListAbsolute.txt",".txt","0","2026/07/29 9:33:39"
"C:\Users\Junya\source\Cpp\C++20Features\07_DesignatedInitTest\Release\07_DesignatedInitTest.vcxproj.FileListAbsolute.txt","07_DesignatedInitTest.vcxproj.FileListAbsolute.txt",".txt","0","2026/07/29 9:33:39"
"C:\Users\Junya\source\Cpp\C++20Features\07_DesignatedInitTest\x64\Debug\07_DesignatedInitTest.vcxproj.FileListAbsolute.txt","07_DesignatedInitTest.vcxproj.FileListAbsolute.txt",".txt","0","2026/07/29 9:33:39"
"C:\Users\Junya\source\Cpp\C++20Features\07_DesignatedInitTest\x64\Release\07_DesignatedInitTest.vcxproj.FileListAbsolute.txt","07_DesignatedInitTest.vcxproj.FileListAbsolute.txt",".txt","0","2026/07/29 9:33:39"
"C:\Users\Junya\source\Cpp\C++20Features\08_Constexpr\08_Constexpr.vcxproj","08_Constexpr.vcxproj",".vcxproj","7671","2025/11/17 18:54:58"
"C:\Users\Junya\source\Cpp\C++20Features\08_Constexpr\Constexpr_Basic.h","Constexpr_Basic.h",".h","2388","2025/11/17 19:31:49"
"C:\Users\Junya\source\Cpp\C++20Features\08_Constexpr\framework.h","framework.h",".h","147","2025/11/17 18:30:56"
"C:\Users\Junya\source\Cpp\C++20Features\08_Constexpr\pch.cpp","pch.cpp",".cpp","274","2025/11/17 18:30:56"
"C:\Users\Junya\source\Cpp\C++20Features\08_Constexpr\pch.h","pch.h",".h","819","2025/11/17 18:30:56"
"C:\Users\Junya\source\Cpp\C++20Features\08_Constexpr\Debug\08_Constexpr.vcxproj.FileListAbsolute.txt","08_Constexpr.vcxproj.FileListAbsolute.txt",".txt","0","2026/07/29 9:33:39"
"C:\Users\Junya\source\Cpp\C++20Features\08_Constexpr\Release\08_Constexpr.vcxproj.FileListAbsolute.txt","08_Constexpr.vcxproj.FileListAbsolute.txt",".txt","0","2026/07/29 9:33:39"
"C:\Users\Junya\source\Cpp\C++20Features\08_Constexpr\x64\Debug\08_Constexpr.vcxproj.FileListAbsolute.txt","08_Constexpr.vcxproj.FileListAbsolute.txt",".txt","0","2026/07/29 9:33:39"
"C:\Users\Junya\source\Cpp\C++20Features\08_Constexpr\x64\Release\08_Constexpr.vcxproj.FileListAbsolute.txt","08_Constexpr.vcxproj.FileListAbsolute.txt",".txt","0","2026/07/29 9:33:39"
"C:\Users\Junya\source\Cpp\C++20Features\08_ConstexprTest\08_ConstexprTest.cpp","08_ConstexprTest.cpp",".cpp","1242","2025/11/17 19:21:31"
"C:\Users\Junya\source\Cpp\C++20Features\08_ConstexprTest\08_ConstexprTest.vcxproj","08_ConstexprTest.vcxproj",".vcxproj","6907","2025/11/17 19:21:44"
"C:\Users\Junya\source\Cpp\C++20Features\08_ConstexprTest\pch.cpp","pch.cpp",".cpp","40","2025/11/14 18:24:57"
"C:\Users\Junya\source\Cpp\C++20Features\08_ConstexprTest\pch.h","pch.h",".h","62","2025/11/14 18:24:57"
"C:\Users\Junya\source\Cpp\C++20Features\08_ConstexprTest\Debug\08_ConstexprTest.vcxproj.FileListAbsolute.txt","08_ConstexprTest.vcxproj.FileListAbsolute.txt",".txt","0","2026/07/29 9:33:39"
"C:\Users\Junya\source\Cpp\C++20Features\08_ConstexprTest\Release\08_ConstexprTest.vcxproj.FileListAbsolute.txt","08_ConstexprTest.vcxproj.FileListAbsolute.txt",".txt","0","2026/07/29 9:33:39"
"C:\Users\Junya\source\Cpp\C++20Features\08_ConstexprTest\x64\Debug\08_ConstexprTest.vcxproj.FileListAbsolute.txt","08_ConstexprTest.vcxproj.FileListAbsolute.txt",".txt","0","2026/07/29 9:33:39"
"C:\Users\Junya\source\Cpp\C++20Features\08_ConstexprTest\x64\Release\08_ConstexprTest.vcxproj.FileListAbsolute.txt","08_ConstexprTest.vcxproj.FileListAbsolute.txt",".txt","0","2026/07/29 9:33:39"
"C:\Users\Junya\source\Cpp\C++20Features\09_AtomicWait\09_AtomicWait.cpp","09_AtomicWait.cpp",".cpp","232","2025/11/17 19:33:34"
"C:\Users\Junya\source\Cpp\C++20Features\09_AtomicWait\09_AtomicWait.vcxproj","09_AtomicWait.vcxproj",".vcxproj","7720","2025/11/17 19:48:49"
"C:\Users\Junya\source\Cpp\C++20Features\09_AtomicWait\AtomicWait_Basic.h","AtomicWait_Basic.h",".h","2780","2025/11/17 19:59:21"
"C:\Users\Junya\source\Cpp\C++20Features\09_AtomicWait\framework.h","framework.h",".h","147","2025/11/17 19:33:34"
"C:\Users\Junya\source\Cpp\C++20Features\09_AtomicWait\pch.cpp","pch.cpp",".cpp","274","2025/11/17 19:33:34"
"C:\Users\Junya\source\Cpp\C++20Features\09_AtomicWait\pch.h","pch.h",".h","819","2025/11/17 19:33:34"
"C:\Users\Junya\source\Cpp\C++20Features\09_AtomicWait\Debug\09_AtomicWait.vcxproj.FileListAbsolute.txt","09_AtomicWait.vcxproj.FileListAbsolute.txt",".txt","0","2026/07/29 9:33:39"
"C:\Users\Junya\source\Cpp\C++20Features\09_AtomicWait\Release\09_AtomicWait.vcxproj.FileListAbsolute.txt","09_AtomicWait.vcxproj.FileListAbsolute.txt",".txt","0","2026/07/29 9:33:39"
"C:\Users\Junya\source\Cpp\C++20Features\09_AtomicWait\x64\Debug\09_AtomicWait.vcxproj.FileListAbsolute.txt","09_AtomicWait.vcxproj.FileListAbsolute.txt",".txt","0","2026/07/29 9:33:39"
"C:\Users\Junya\source\Cpp\C++20Features\09_AtomicWait\x64\Release\09_AtomicWait.vcxproj.FileListAbsolute.txt","09_AtomicWait.vcxproj.FileListAbsolute.txt",".txt","0","2026/07/29 9:33:39"
"C:\Users\Junya\source\Cpp\C++20Features\09_AtomicWaitTest\09_AtomicWaitTest.cpp","09_AtomicWaitTest.cpp",".cpp","1014","2025/11/17 19:47:57"
"C:\Users\Junya\source\Cpp\C++20Features\09_AtomicWaitTest\09_AtomicWaitTest.vcxproj","09_AtomicWaitTest.vcxproj",".vcxproj","6910","2025/11/17 19:49:17"
"C:\Users\Junya\source\Cpp\C++20Features\09_AtomicWaitTest\pch.cpp","pch.cpp",".cpp","40","2025/11/14 18:24:57"
"C:\Users\Junya\source\Cpp\C++20Features\09_AtomicWaitTest\pch.h","pch.h",".h","62","2025/11/14 18:24:57"
"C:\Users\Junya\source\Cpp\C++20Features\09_AtomicWaitTest\Debug\09_AtomicWaitTest.vcxproj.FileListAbsolute.txt","09_AtomicWaitTest.vcxproj.FileListAbsolute.txt",".txt","0","2026/07/29 9:33:39"
"C:\Users\Junya\source\Cpp\C++20Features\09_AtomicWaitTest\Release\09_AtomicWaitTest.vcxproj.FileListAbsolute.txt","09_AtomicWaitTest.vcxproj.FileListAbsolute.txt",".txt","0","2026/07/29 9:33:39"
"C:\Users\Junya\source\Cpp\C++20Features\09_AtomicWaitTest\x64\Debug\09_AtomicWaitTest.vcxproj.FileListAbsolute.txt","09_AtomicWaitTest.vcxproj.FileListAbsolute.txt",".txt","0","2026/07/29 9:33:39"
"C:\Users\Junya\source\Cpp\C++20Features\09_AtomicWaitTest\x64\Release\09_AtomicWaitTest.vcxproj.FileListAbsolute.txt","09_AtomicWaitTest.vcxproj.FileListAbsolute.txt",".txt","0","2026/07/29 9:33:39"
"C:\Users\Junya\source\Cpp\C++20Features\10_SyncStreams\10_SyncStreams.cpp","10_SyncStreams.cpp",".cpp","234","2025/11/17 20:00:59"
"C:\Users\Junya\source\Cpp\C++20Features\10_SyncStreams\10_SyncStreams.vcxproj","10_SyncStreams.vcxproj",".vcxproj","7723","2025/11/17 20:23:03"
"C:\Users\Junya\source\Cpp\C++20Features\10_SyncStreams\framework.h","framework.h",".h","147","2025/11/17 20:00:59"
"C:\Users\Junya\source\Cpp\C++20Features\10_SyncStreams\pch.cpp","pch.cpp",".cpp","274","2025/11/17 20:00:59"
"C:\Users\Junya\source\Cpp\C++20Features\10_SyncStreams\pch.h","pch.h",".h","819","2025/11/17 20:00:59"
"C:\Users\Junya\source\Cpp\C++20Features\10_SyncStreams\SyncStreams_Basic.h","SyncStreams_Basic.h",".h","2495","2025/11/17 20:11:00"
"C:\Users\Junya\source\Cpp\C++20Features\10_SyncStreams\Debug\10_SyncStreams.vcxproj.FileListAbsolute.txt","10_SyncStreams.vcxproj.FileListAbsolute.txt",".txt","0","2026/07/29 9:33:39"
"C:\Users\Junya\source\Cpp\C++20Features\10_SyncStreams\Release\10_SyncStreams.vcxproj.FileListAbsolute.txt","10_SyncStreams.vcxproj.FileListAbsolute.txt",".txt","0","2026/07/29 9:33:39"
"C:\Users\Junya\source\Cpp\C++20Features\10_SyncStreams\x64\Debug\10_SyncStreams.vcxproj.FileListAbsolute.txt","10_SyncStreams.vcxproj.FileListAbsolute.txt",".txt","0","2026/07/29 9:33:39"
"C:\Users\Junya\source\Cpp\C++20Features\10_SyncStreams\x64\Release\10_SyncStreams.vcxproj.FileListAbsolute.txt","10_SyncStreams.vcxproj.FileListAbsolute.txt",".txt","0","2026/07/29 9:33:39"
"C:\Users\Junya\source\Cpp\C++20Features\10_SyncStreamsTest\10_SyncStreamsTest.cpp","10_SyncStreamsTest.cpp",".cpp","3007","2025/11/17 20:24:38"
"C:\Users\Junya\source\Cpp\C++20Features\10_SyncStreamsTest\10_SyncStreamsTest.vcxproj","10_SyncStreamsTest.vcxproj",".vcxproj","6913","2025/11/17 20:23:03"
"C:\Users\Junya\source\Cpp\C++20Features\10_SyncStreamsTest\pch.cpp","pch.cpp",".cpp","40","2025/11/14 18:24:57"
"C:\Users\Junya\source\Cpp\C++20Features\10_SyncStreamsTest\pch.h","pch.h",".h","62","2025/11/14 18:24:57"
"C:\Users\Junya\source\Cpp\C++20Features\10_SyncStreamsTest\Debug\10_SyncStreamsTest.vcxproj.FileListAbsolute.txt","10_SyncStreamsTest.vcxproj.FileListAbsolute.txt",".txt","0","2026/07/29 9:33:39"
"C:\Users\Junya\source\Cpp\C++20Features\10_SyncStreamsTest\Release\10_SyncStreamsTest.vcxproj.FileListAbsolute.txt","10_SyncStreamsTest.vcxproj.FileListAbsolute.txt",".txt","0","2026/07/29 9:33:39"
"C:\Users\Junya\source\Cpp\C++20Features\10_SyncStreamsTest\x64\Debug\10_SyncStreamsTest.vcxproj.FileListAbsolute.txt","10_SyncStreamsTest.vcxproj.FileListAbsolute.txt",".txt","0","2026/07/29 9:33:39"
"C:\Users\Junya\source\Cpp\C++20Features\10_SyncStreamsTest\x64\Release\10_SyncStreamsTest.vcxproj.FileListAbsolute.txt","10_SyncStreamsTest.vcxproj.FileListAbsolute.txt",".txt","0","2026/07/29 9:33:39"
"C:\Users\Junya\source\Cpp\C++20Features\packages\Microsoft.googletest.v140.windesktop.msvcstl.static.rt-dyn.1.8.1.7\license (MIT).txt","license (MIT).txt",".txt","1107","2022/08/31 23:23:52"
"C:\Users\Junya\source\Cpp\C++20Features\packages\Microsoft.googletest.v140.windesktop.msvcstl.static.rt-dyn.1.8.1.7\ThirdPartyNotices.txt","ThirdPartyNotices.txt",".txt","2298","2022/08/31 23:23:52"
"C:\Users\Junya\source\Cpp\C++20Features\packages\Microsoft.googletest.v140.windesktop.msvcstl.static.rt-dyn.1.8.1.7\build\native\include\gtest\gtest-death-test.h","gtest-death-test.h",".h","14742","2022/08/31 23:24:00"
"C:\Users\Junya\source\Cpp\C++20Features\packages\Microsoft.googletest.v140.windesktop.msvcstl.static.rt-dyn.1.8.1.7\build\native\include\gtest\gtest-message.h","gtest-message.h",".h","9607","2022/08/31 23:24:00"
"C:\Users\Junya\source\Cpp\C++20Features\packages\Microsoft.googletest.v140.windesktop.msvcstl.static.rt-dyn.1.8.1.7\build\native\include\gtest\gtest-param-test.h","gtest-param-test.h",".h","78367","2022/08/31 23:24:00"
"C:\Users\Junya\source\Cpp\C++20Features\packages\Microsoft.googletest.v140.windesktop.msvcstl.static.rt-dyn.1.8.1.7\build\native\include\gtest\gtest-printers.h","gtest-printers.h",".h","40913","2022/08/31 23:24:00"
"C:\Users\Junya\source\Cpp\C++20Features\packages\Microsoft.googletest.v140.windesktop.msvcstl.static.rt-dyn.1.8.1.7\build\native\include\gtest\gtest-spi.h","gtest-spi.h",".h","10331","2022/08/31 23:24:00"
"C:\Users\Junya\source\Cpp\C++20Features\packages\Microsoft.googletest.v140.windesktop.msvcstl.static.rt-dyn.1.8.1.7\build\native\include\gtest\gtest-test-part.h","gtest-test-part.h",".h","6853","2022/08/31 23:24:00"
"C:\Users\Junya\source\Cpp\C++20Features\packages\Microsoft.googletest.v140.windesktop.msvcstl.static.rt-dyn.1.8.1.7\build\native\include\gtest\gtest-typed-test.h","gtest-typed-test.h",".h","13854","2022/08/31 23:24:00"
"C:\Users\Junya\source\Cpp\C++20Features\packages\Microsoft.googletest.v140.windesktop.msvcstl.static.rt-dyn.1.8.1.7\build\native\include\gtest\gtest.h","gtest.h",".h","91434","2022/08/31 23:24:00"
"C:\Users\Junya\source\Cpp\C++20Features\packages\Microsoft.googletest.v140.windesktop.msvcstl.static.rt-dyn.1.8.1.7\build\native\include\gtest\gtest_pred_impl.h","gtest_pred_impl.h",".h","15303","2022/08/31 23:24:00"
"C:\Users\Junya\source\Cpp\C++20Features\packages\Microsoft.googletest.v140.windesktop.msvcstl.static.rt-dyn.1.8.1.7\build\native\include\gtest\gtest_prod.h","gtest_prod.h",".h","2580","2022/08/31 23:24:00"
"C:\Users\Junya\source\Cpp\C++20Features\packages\Microsoft.googletest.v140.windesktop.msvcstl.static.rt-dyn.1.8.1.7\build\native\include\gtest\internal\gtest-death-test-internal.h","gtest-death-test-internal.h",".h","11666","2022/08/31 23:24:00"
"C:\Users\Junya\source\Cpp\C++20Features\packages\Microsoft.googletest.v140.windesktop.msvcstl.static.rt-dyn.1.8.1.7\build\native\include\gtest\internal\gtest-filepath.h","gtest-filepath.h",".h","9964","2022/08/31 23:24:00"
"C:\Users\Junya\source\Cpp\C++20Features\packages\Microsoft.googletest.v140.windesktop.msvcstl.static.rt-dyn.1.8.1.7\build\native\include\gtest\internal\gtest-internal.h","gtest-internal.h",".h","52272","2022/08/31 23:24:00"
"C:\Users\Junya\source\Cpp\C++20Features\packages\Microsoft.googletest.v140.windesktop.msvcstl.static.rt-dyn.1.8.1.7\build\native\include\gtest\internal\gtest-linked_ptr.h","gtest-linked_ptr.h",".h","8644","2022/08/31 23:24:00"
"C:\Users\Junya\source\Cpp\C++20Features\packages\Microsoft.googletest.v140.windesktop.msvcstl.static.rt-dyn.1.8.1.7\build\native\include\gtest\internal\gtest-param-util-generated.h","gtest-param-util-generated.h",".h","224050","2022/08/31 23:24:00"
"C:\Users\Junya\source\Cpp\C++20Features\packages\Microsoft.googletest.v140.windesktop.msvcstl.static.rt-dyn.1.8.1.7\build\native\include\gtest\internal\gtest-param-util.h","gtest-param-util.h",".h","28386","2022/08/31 23:24:00"
"C:\Users\Junya\source\Cpp\C++20Features\packages\Microsoft.googletest.v140.windesktop.msvcstl.static.rt-dyn.1.8.1.7\build\native\include\gtest\internal\gtest-port-arch.h","gtest-port-arch.h",".h","3823","2022/08/31 23:24:00"
"C:\Users\Junya\source\Cpp\C++20Features\packages\Microsoft.googletest.v140.windesktop.msvcstl.static.rt-dyn.1.8.1.7\build\native\include\gtest\internal\gtest-port.h","gtest-port.h",".h","98425","2022/08/31 23:24:00"
"C:\Users\Junya\source\Cpp\C++20Features\packages\Microsoft.googletest.v140.windesktop.msvcstl.static.rt-dyn.1.8.1.7\build\native\include\gtest\internal\gtest-string.h","gtest-string.h",".h","7089","2022/08/31 23:24:00"
"C:\Users\Junya\source\Cpp\C++20Features\packages\Microsoft.googletest.v140.windesktop.msvcstl.static.rt-dyn.1.8.1.7\build\native\include\gtest\internal\gtest-tuple.h","gtest-tuple.h",".h","29626","2022/08/31 23:24:00"
"C:\Users\Junya\source\Cpp\C++20Features\packages\Microsoft.googletest.v140.windesktop.msvcstl.static.rt-dyn.1.8.1.7\build\native\include\gtest\internal\gtest-type-util.h","gtest-type-util.h",".h","189695","2022/08/31 23:24:00"
"C:\Users\Junya\source\Cpp\C++20Features\packages\Microsoft.googletest.v140.windesktop.msvcstl.static.rt-dyn.1.8.1.7\build\native\include\gtest\internal\custom\gtest-port.h","gtest-port.h",".h","1895","2022/08/31 23:24:00"
"C:\Users\Junya\source\Cpp\C++20Features\packages\Microsoft.googletest.v140.windesktop.msvcstl.static.rt-dyn.1.8.1.7\build\native\include\gtest\internal\custom\gtest-printers.h","gtest-printers.h",".h","2121","2022/08/31 23:24:00"
"C:\Users\Junya\source\Cpp\C++20Features\packages\Microsoft.googletest.v140.windesktop.msvcstl.static.rt-dyn.1.8.1.7\build\native\include\gtest\internal\custom\gtest.h","gtest.h",".h","1880","2022/08/31 23:24:00"
"C:\Users\Junya\source\Cpp\C++20Features\packages\Microsoft.googletest.v140.windesktop.msvcstl.static.rt-dyn.1.8.1.7\build\native\include\gtest\internal\custom\README.md","README.md",".md","1738","2022/08/31 23:24:00"
